{"cameraMode":{"drawMode":0,"name":"Shaded","section":"Shading Mode"},"sceneLighting":true,"audioPlay":false,"sceneViewState":{"showFog":true,"showMaterialUpdate":false,"showSkybox":true,"showFlares":true,"showImageEffects":true,"showParticleSystems":true},"in2DMode":false,"pivot":{"x":-23.3507022857666,"y":28.500988006591798,"z":-26.979772567749025},"rotation":{"x":0.31680426001548769,"y":0.11627361178398133,"z":-0.03916184976696968,"w":0.9405338168144226},"size":88.63655853271485,"orthographic":false}