{"cameraMode":{"drawMode":0,"name":"Shaded","section":"Shading Mode"},"sceneLighting":false,"audioPlay":false,"sceneViewState":{"showFog":true,"showMaterialUpdate":false,"showSkybox":false,"showFlares":true,"showImageEffects":true,"showParticleSystems":true},"in2DMode":false,"pivot":{"x":0.012945911847054959,"y":0.15440024435520173,"z":-0.0832943543791771},"rotation":{"x":-0.0019420846365392209,"y":0.9980575442314148,"z":-0.04194260388612747,"w":-0.04614666849374771},"size":0.17063170671463014,"orthographic":false}