{"cameraMode":{"drawMode":0,"name":"Shaded","section":"Shading Mode"},"sceneLighting":false,"audioPlay":false,"sceneViewState":{"showFog":true,"showMaterialUpdate":false,"showSkybox":false,"showFlares":true,"showImageEffects":true,"showParticleSystems":true},"in2DMode":false,"pivot":{"x":-0.26816993951797488,"y":0.12866093218326569,"z":-0.04437322914600372},"rotation":{"x":-0.07321282476186753,"y":-0.6181862354278565,"z":0.05814884975552559,"w":-0.7804723978042603},"size":0.49637162685394289,"orthographic":false}