{"cameraMode":{"drawMode":0,"name":"Shaded","section":"Shading Mode"},"sceneLighting":false,"audioPlay":false,"sceneViewState":{"showFog":true,"showMaterialUpdate":false,"showSkybox":false,"showFlares":true,"showImageEffects":true,"showParticleSystems":true},"in2DMode":false,"pivot":{"x":-0.016208291053771974,"y":-0.07289323210716248,"z":-0.22686181962490083},"rotation":{"x":-0.10533399134874344,"y":-0.7987411022186279,"z":0.14658455550670625,"w":-0.5739660859107971},"size":0.8047518134117127,"orthographic":false}